{"cameraMode":{"drawMode":0,"name":"Shaded","section":"Shading Mode"},"sceneLighting":false,"audioPlay":false,"sceneViewState":{"m_AlwaysRefresh":false,"showFog":true,"showSkybox":false,"showFlares":true,"showImageEffects":true,"showParticleSystems":true,"showVisualEffectGraphs":true,"m_FxEnabled":true},"in2DMode":false,"pivot":{"x":0.004681222140789032,"y":-0.574126660823822,"z":-1.0004146099090577},"rotation":{"x":0.17785795032978059,"y":-0.5004817247390747,"z":0.10588915646076203,"w":0.8406386971473694},"size":2.166934013366699,"orthographic":false}